<?xml version="1.0" encoding="UTF-8"?>
<project-private xmlns="http://www.netbeans.org/ns/project-private/1">
    <editor-bookmarks xmlns="http://www.netbeans.org/ns/editor-bookmarks/2" lastBookmarkId="0"/>
    <open-files xmlns="http://www.netbeans.org/ns/projectui-open-files/2">
        <group>
            <file>file:/C:/Users/Familia/Desktop/KometKevin/src/engine2D/GameContainer.java</file>
            <file>file:/C:/Users/Familia/Desktop/KometKevin/src/engine2D/Window.java</file>
            <file>file:/C:/Users/Familia/Desktop/KometKevin/src/resources/alphaTest.png</file>
            <file>file:/C:/Users/Familia/Desktop/KometKevin/src/gfx/Image.java</file>
            <file>file:/C:/Users/Familia/Desktop/KometKevin/src/engine2D/Renderer.java</file>
            <file>file:/C:/Users/Familia/Desktop/KometKevin/src/resources/basicTest.png</file>
            <file>file:/C:/Users/Familia/Desktop/KometKevin/src/game/Game.java</file>
            <file>file:/C:/Users/Familia/Desktop/KometKevin/src/engine2D/Input.java</file>
            <file>file:/C:/Users/Familia/Desktop/KometKevin/src/engine2D/AbstractGame.java</file>
            <file>file:/C:/Users/Familia/Desktop/KometKevin/src/gfx/ImageTile.java</file>
        </group>
    </open-files>
</project-private>
